wp_code,Turnout (%)
01001,26.25
01002,22.89
01003,28.01
01004,27.42
01005,25.84
01006,25.58
01007,31.49
01008,31.36
01009,35.05
01010,21.77
01011,27.51
01012,31.04
01013,27.21
01014,31.41
01015,26.82
01016,28.23
01017,32.34
01018,28.39
01019,29.54
01020,26.78
01021,24.61
01022,26.90
01023,32.43
01024,21.68
01025,23.29
01026,22.09
01027,25.23
01028,27.33
01029,32.40
01030,24.35
01031,28.46
01032,31.55
01033,28.75
01034,30.26
01035,30.14
01036,29.16
01037,29.61
01038,27.67
01039,25.95
01040,30.51
01041,33.65
01042,30.24
01043,29.20
01044,30.10
02001,23.95
02002,37.98
02003,26.89
02004,23.86
02005,27.86
02006,21.99
02007,15.18
02008,21.68
02009,27.10
02010,45.73
02011,40.00
02012,38.25
02014,38.32
02015,30.04
02016,24.89
02017,37.50
02018,33.38
02019,47.59
02020,19.81
02021,31.64
02022,38.35
02023,50.37
02024,32.82
02025,29.24
02026,27.51
02027,32.39
02028,28.62
02029,24.22
02030,31.15
02031,42.16
02032,24.11
02033,42.95
02034,48.79
02035,22.07
02036,31.43
02037,40.95
02038,39.49
02039,28.36
02040,22.14
02041,20.96
02042,26.17
02043,28.83
02044,40.29
02045,29.98
02046,26.83
03001,31.48
03002,53.33
03003,35.64
03004,43.02
03005,24.71
03006,36.20
03007,46.18
03008,27.38
03009,36.62
03010,22.82
03011,34.97
03012,50.00
03013,42.97
03014,32.62
03015,31.11
03016,31.57
03017,27.76
03018,27.96
03019,37.38
03020,34.88
03021,38.72
03022,28.44
03023,26.68
03024,33.46
03025,34.60
03026,50.18
03027,31.96
03028,41.71
03029,27.94
03030,36.94
03031,39.73
03032,33.47
03033,29.53
03034,32.44
03035,14.67
03036,23.47
03037,29.50
03038,50.88
03039,28.32
03040,27.04
03041,21.24
04001,37.11
04002,37.34
04003,33.67
04004,41.58
04005,50.00
04006,46.03
04007,47.60
04008,45.06
04009,57.94
04010,43.42
04011,33.30
04012,36.17
04013,22.36
04014,42.44
04015,41.33
04016,27.67
04017,38.30
04018,46.12
04019,24.75
04020,41.84
04021,29.49
04022,46.53
04023,47.71
04024,40.60
04025,43.16
04026,39.76
04027,38.30
04028,42.82
04029,35.89
04030,30.20
04031,63.60
04032,37.20
04033,39.25
04034,34.62
04035,38.11
04036,41.07
04037,28.93
04038,42.08
05001,31.91
05002,30.76
05003,41.21
05004,42.53
05006,37.73
05007,45.25
05008,26.39
05009,52.04
05010,28.97
05011,53.52
05012,32.18
05013,32.47
05014,52.18
05015,42.01
05016,30.78
05017,33.53
05018,46.72
05019,50.50
05020,49.75
05021,45.60
05022,56.33
05023,46.05
05024,44.43
05025,44.30
05026,38.75
05027,32.76
05028,44.09
05029,41.14
05030,30.65
05031,31.06
05032,55.13
05033,41.73
05034,50.44
05035,50.41
05036,32.26
05037,52.52
05038,34.91
05039,45.17
05040,41.46
05041,68.88
06001,47.79
06002,43.47
06003,47.01
06004,30.67
06005,22.50
06006,45.11
06007,32.52
06008,44.75
06009,27.48
06010,22.73
06011,32.83
06012,20.39
06013,40.74
06014,34.56
06015,21.85
06016,45.65
06017,23.98
06018,24.60
06019,35.18
06020,22.96
06021,19.75
06022,25.61
06023,23.13
06024,26.14
06026,22.42
06027,24.10
06028,22.71
06029,49.78
06030,26.97
06031,44.59
06032,36.42
06033,41.42
06034,38.93
06035,39.71
06036,49.85
06037,50.31
06038,44.64
06039,31.82
06040,37.99
06041,40.67
06042,33.33
06043,32.08
06044,31.86
06045,41.12
06046,33.21
06047,30.00
06048,36.10
07001,30.24
07002,24.65
07003,42.26
07004,37.89
07005,27.93
07006,41.49
07007,25.25
07009,38.39
07010,39.72
07011,26.60
07012,27.90
07013,34.99
07014,26.67
07015,36.50
07016,19.28
07017,27.67
07018,23.74
07019,35.26
07020,22.38
07021,24.37
07022,25.74
07023,42.52
07024,29.32
07025,21.98
07026,34.47
07027,32.02
07028,26.41
07029,29.69
07030,23.84
07031,24.83
07032,47.91
07033,48.61
07034,39.77
07035,29.14
07036,39.21
07037,41.78
07038,27.79
07039,36.49
07040,36.64
07041,30.74
07042,30.12
07043,31.32
07044,26.32
07045,20.30
07046,46.62
08001,34.38
08002,28.34
08003,50.82
08004,51.63
08005,49.24
08006,35.17
08007,45.10
08008,47.92
08009,39.83
08010,49.80
08012,35.52
08013,34.17
08014,23.91
08015,30.62
08016,25.00
08017,43.61
08018,18.75
08019,42.94
08020,44.84
08021,33.30
08022,37.75
08023,27.41
08024,46.70
08025,33.52
08026,27.71
08027,45.10
08028,35.70
08029,36.14
08030,38.25
08031,34.07
08032,36.16
08033,34.64
08034,39.52
08035,40.33
08036,41.04
08037,47.39
08038,29.60
08039,42.86
08040,35.86
08041,36.92
08042,36.91
08043,33.64
08044,35.77
08045,24.97
08046,32.57
08047,32.24
08048,31.15
08049,39.02
08050,40.23
08051,47.89
08052,43.48
08053,34.07
08054,26.52
08055,46.36
08056,40.76
09001,32.47
09002,31.40
09003,15.78
09004,33.69
09005,38.10
09006,33.92
09007,27.09
09008,23.66
09009,40.03
09010,26.50
09011,27.97
09012,40.11
09013,42.54
09014,41.22
09015,13.61
09016,32.58
09017,25.97
09018,30.47
09019,33.18
09020,35.46
09021,30.56
09022,38.95
09023,42.66
09024,42.33
09025,40.22
09026,17.71
09027,32.05
09028,14.98
09029,27.28
09030,26.12
09031,25.39
09032,34.71
09033,23.59
09034,26.14
09035,38.54
09036,28.21
09037,41.45
09038,30.55
09039,33.16
09040,38.30
09041,31.49
09042,40.52
09043,23.74
09044,34.46
09045,29.41
09046,33.47
09047,44.35
09048,40.45
09049,39.41
09050,45.96
09051,41.53
10001,31.55
10002,32.32
10003,28.42
10004,18.44
10005,25.11
10006,20.26
10007,18.32
10008,12.83
10009,29.17
10010,28.94
10011,18.57
10012,20.21
10013,19.02
10014,24.16
10015,33.55
10016,22.80
10017,30.65
10018,17.57
10019,28.81
10020,29.15
10021,21.92
10022,18.26
10023,18.74
10024,28.69
10025,26.94
10026,14.04
10027,16.68
10028,20.77
10029,18.46
10030,18.69
10031,16.76
10032,21.51
10033,18.03
10035,31.77
10036,23.58
11001,28.87
11002,3.63
11003,28.01
11004,25.42
11005,25.04
11006,32.01
11007,20.25
11008,24.30
11009,23.43
11010,22.78
11011,27.07
11012,36.98
11013,31.96
11014,27.68
11015,31.48
11016,24.44
11017,33.26
11018,26.49
11019,27.86
11020,29.43
11021,42.01
11022,26.48
11023,37.47
11024,44.95
11025,37.18
11026,36.51
11027,15.21
11028,24.31
11029,37.05
11030,16.69
11031,35.07
11032,38.75
11033,30.15
11034,37.57
11035,37.33
11036,21.02
11037,23.37
11038,24.63
12001,28.19
12002,20.19
12003,30.58
12004,25.94
12005,24.13
12006,17.86
12007,15.10
12008,23.99
12009,21.62
12010,17.06
12011,17.21
12012,16.62
12013,20.11
12014,14.87
12015,12.19
12016,10.66
12017,17.97
12018,15.92
12019,22.66
12020,13.64
12021,20.53
12022,13.47
12023,25.54
13001,37.26
13002,41.68
13003,17.85
13004,29.97
13005,23.79
13006,42.41
13007,20.19
13008,32.42
13009,24.51
13010,43.61
13011,32.69
13012,24.20
13013,34.43
13014,21.87
13015,23.99
13016,18.29
13017,28.52
13018,31.09
13019,14.80
13020,36.48
13021,40.88
13022,33.23
13023,21.82
13024,26.09
13025,24.73
13026,22.73
13027,33.74
13028,22.77
13029,26.28
13030,20.16
13031,35.58
13032,37.35
13033,37.31
13034,22.50
13035,27.70
13036,21.55
13037,32.75
13038,39.35
13039,26.19
13040,25.52
13041,23.68
13042,32.55
13043,29.22
13044,21.31
13045,32.12
13046,22.19
13047,18.07
13048,34.58
14001,45.25
14002,22.98
14003,16.54
14004,34.63
14005,15.25
14006,16.62
14007,19.33
14008,19.21
14009,38.28
14010,17.92
14011,15.70
14012,22.31
14013,20.69
14014,14.90
14015,15.91
14016,21.44
14017,19.19
14018,23.36
14019,17.57
14020,13.39
14021,16.58
14022,22.49
14023,26.08
14024,39.48
14025,17.21
14026,19.65
14027,21.71
14028,17.80
14029,19.81
14030,14.14
14031,19.19
15001,31.04
15002,28.32
15003,28.06
15004,26.52
15005,27.26
15006,27.16
15007,29.41
15008,29.11
15009,29.00
15010,30.16
15011,26.16
15012,29.74
15013,21.16
15014,21.56
15015,21.12
15016,26.05
15017,29.30
15018,24.49
15019,23.57
15020,27.85
15021,29.53
15022,23.36
15023,26.15
15024,25.67
16001,17.88
16002,22.53
16003,23.44
16004,21.27
16005,16.79
16006,26.42
16007,22.74
16008,16.23
16009,24.00
16010,25.19
16011,18.22
16012,17.76
16013,13.90
16014,24.79
16015,28.25
16016,30.85
16018,24.31
16019,23.29
16020,16.46
16021,21.37
16023,14.25
16024,28.72
16025,27.81
16026,28.64
16027,23.37
16028,34.82
16029,21.56
16030,24.75
16032,13.90
16033,25.92
16034,23.95
16035,19.41
16036,24.65
17001,22.30
17002,28.39
17003,27.49
17004,36.19
17005,27.95
17006,19.85
17007,15.42
17008,24.69
17009,30.07
17010,34.41
17011,25.38
17013,28.43
17014,24.91
17015,27.94
17016,19.32
17017,24.94
17018,37.31
17019,18.17
17020,35.64
17021,43.53
17022,27.82
17023,26.09
17024,34.92
17025,21.72
17026,28.86
17027,27.02
17028,29.33
17029,30.24
17030,15.66
17031,21.67
17032,23.48
17034,23.88
17036,32.70
17037,28.38
17038,21.39
17039,34.85
17040,34.25
17041,34.50
18001,29.18
18002,20.45
18003,32.80
18004,42.30
18005,27.62
18006,35.29
18007,27.94
18008,42.97
18009,43.60
18010,46.27
18011,29.07
18012,38.74
18013,37.23
18014,41.33
18015,27.58
18016,36.01
18017,28.24
18018,41.24
18019,37.09
18020,35.83
18021,43.12
18022,47.14
18023,31.24
18024,22.96
18025,27.93
18026,45.81
18027,28.93
18028,31.38
18029,36.36
18030,22.20
18031,34.26
18032,39.19
18033,33.00
18034,50.81
18035,47.63
18036,31.94
18037,39.78
18038,39.69
18039,20.25
18040,31.18
18041,43.48
18042,23.70
18043,23.04
18044,29.33
18045,20.37
18046,24.94
18047,27.29
18048,32.83
18049,24.29
19001,53.91
19002,57.36
19003,50.96
19004,47.12
19005,56.84
19006,48.31
19007,50.76
19008,43.44
19009,47.91
19010,54.64
19011,46.61
19012,46.73
19013,50.54
19014,48.23
19015,44.21
19016,51.38
19017,49.91
19018,58.42
19019,53.49
19020,44.80
19021,39.32
19022,56.99
19023,54.12
19024,53.72
19025,51.88
19026,53.08
19027,53.69
19028,49.18
19029,40.84
19030,45.78
19031,55.93
19032,51.87
19033,44.02
19034,56.47
19035,55.45
19036,44.65
19037,56.43
19038,47.69
19039,30.84
19040,51.28
19041,44.78
19042,52.63
19043,42.76
19044,43.73
19045,49.25
19046,57.45
19047,54.42
19048,37.58
19049,55.75
19050,47.01
19051,54.89
19052,41.68
19053,47.48
19054,43.34
19055,45.78
19056,61.97
19057,53.13
20001,37.55
20002,26.17
20003,31.25
20004,21.20
20005,28.96
20006,22.93
20007,23.16
20008,36.98
20009,42.45
20010,25.48
20011,32.64
20012,24.06
20013,31.66
20014,40.00
20015,14.75
20016,38.00
20017,18.76
20018,26.97
20019,28.91
20020,15.41
20021,23.11
20022,45.26
20023,27.18
20024,37.75
20025,28.01
20026,31.17
20027,27.46
20028,30.53
20029,34.43
20030,28.04
20031,30.03
20032,28.25
20033,30.65
20034,40.14
20035,12.82
20036,22.52
20037,23.81
20038,25.97
20039,29.23
21001,39.40
21002,25.44
21003,36.76
21004,31.91
21005,44.09
21006,31.30
21007,46.38
21008,37.39
21009,45.43
21010,32.08
21011,33.52
21012,33.57
21013,32.30
21014,37.64
21015,32.41
21016,35.32
21017,30.77
21018,40.46
21019,35.67
21020,32.14
21021,32.01
21022,33.28
21023,36.09
21024,36.63
21025,38.97
21026,29.27
21027,34.26
21028,34.33
21029,39.35
21030,28.42
21031,46.37
21032,35.81
21033,27.37
21034,30.92
21035,43.14
21036,35.33
21037,33.10
21038,30.97
21039,30.37
21040,36.79
21041,41.79
21042,38.50
21043,34.72
21044,34.93
21045,33.67
21046,37.89
21047,32.11
21048,34.21
21049,40.22
21050,31.72
21051,36.18
21052,34.46
21053,39.68
21054,39.04
22001,30.27
22002,26.30
22003,16.21
22004,14.42
22005,16.11
22006,15.92
22007,16.83
22008,27.56
22009,14.81
22010,17.13
22011,13.53
22012,26.38
22013,15.53
22014,11.83
22015,13.26
22016,14.54
22017,17.90
22018,12.05
22019,19.37
22020,14.27
22021,26.53
22022,12.28
22023,33.64
22024,17.04
22025,15.62
23001,35.80
23002,34.80
23003,36.61
23004,34.68
23005,20.22
23006,23.72
23007,21.53
23008,23.89
23009,18.08
23010,19.92
23011,18.90
23012,37.37
23013,15.07
23014,34.00
23015,16.67
23016,37.37
23017,14.11
23018,33.84
23019,17.31
23020,10.64
23021,41.53
23022,31.03
23023,38.23
23024,17.13
23025,18.30
23026,21.68
23027,40.00
23028,30.90
23029,35.89
23030,19.26
23031,20.49
23032,15.85
23033,15.71
23034,14.45
23035,29.42
23036,36.51
23037,34.77
23038,33.98
23039,21.76
24001,22.60
24002,23.35
24003,21.52
24004,23.57
24005,21.70
24006,28.65
24007,21.40
24008,21.98
24009,19.16
24010,23.41
24011,21.44
24012,24.74
24013,20.08
24014,20.39
24015,21.13
24016,13.58
24017,25.43
24018,31.12
24019,28.38
24020,20.55
24021,19.40
24022,23.98
24023,21.56
24024,21.31
24025,20.96
24026,31.43
24027,18.06
24028,31.01
24029,30.91
24030,24.64
24031,24.50
24032,25.13
24034,23.48
24035,24.88
24036,24.91
24037,25.23
24038,37.22
24039,27.74
24040,17.99
24041,31.84
25001,38.72
25002,36.49
25003,24.31
25004,28.57
25005,39.69
25006,18.87
25007,33.56
25008,33.79
25009,30.68
25010,29.38
25011,30.55
25012,39.09
25013,34.21
25014,22.99
25015,30.75
25016,25.82
25017,40.50
25018,37.45
25019,34.61
25020,26.45
25021,29.04
25022,32.95
25023,41.38
25024,35.18
25025,34.09
25026,39.19
25027,19.34
25028,38.67
25029,37.34
25030,35.49
25031,23.23
25032,30.37
26001,28.30
26002,28.48
26003,26.48
26004,20.16
26005,30.46
26006,20.48
26007,29.81
26008,16.59
26009,21.42
26010,26.82
26011,26.59
26012,24.31
26013,17.43
26014,19.66
26015,16.42
26016,14.48
26017,34.71
26018,15.33
26019,15.82
26020,25.68
26021,22.06
26022,11.84
26023,20.16
26024,21.82
26025,27.20
26026,20.82
26027,26.80
26028,34.77
26029,25.17
26030,29.47
26031,20.66
26032,32.56
26033,25.93
26034,30.04
26035,27.11
26036,15.24
26037,23.66
26038,21.50
26039,26.57
26040,21.56
26041,21.12
26042,23.50
26043,20.84
26044,19.35
26045,15.42
26046,26.32
26047,16.85
26048,23.43
26049,17.76
27001,23.31
27002,30.38
27003,23.53
27004,27.04
27005,21.62
27006,22.64
27007,29.78
27008,20.63
27009,26.86
27010,34.77
27011,23.59
27012,27.16
27013,34.35
27014,18.09
27015,19.93
27016,15.21
27017,25.85
27018,28.81
27019,17.34
27020,22.73
27021,32.85
27022,20.39
27023,30.35
27024,16.38
27025,29.50
27026,32.83
27027,24.00
27028,20.27
27029,18.18
27030,29.16
27031,25.00
27032,27.45
27033,25.98
27034,27.26
27035,25.72
27036,28.95
27037,33.18
27039,37.06
27040,27.67
27041,33.66
27042,33.69
27043,28.93
27044,21.16
27045,19.18
27046,27.68
27047,37.31
27048,21.50
27049,21.71
27050,29.25
28001,19.36
28002,24.06
28003,22.55
28005,31.96
28006,45.00
28007,21.58
28008,23.00
28009,23.51
28010,25.86
28011,23.97
28012,20.74
28013,31.86
28014,24.85
28015,38.64
28016,23.51
28018,34.83
28019,26.57
28020,27.87
28021,24.96
28022,26.45
28023,20.08
28024,23.51
28025,29.39
28026,21.74
28027,36.21
28028,33.38
28029,4.93
28030,29.41
28031,32.82
28032,21.41
28033,23.13
28034,18.02
28035,19.85
28037,15.60
28038,17.92
28039,22.65
28040,23.45
28041,24.91
28042,22.43
28043,23.04
28044,22.39
28046,30.04
29001,39.69
29002,27.37
29003,24.75
29005,22.04
29006,23.56
29007,37.52
29008,18.00
29009,39.07
29010,42.20
29011,31.96
29012,33.74
29013,32.18
29014,32.32
29015,33.53
29016,22.56
29017,27.91
29018,25.83
29019,32.95
29020,26.03
29022,23.54
29023,32.30
29024,30.69
29025,35.42
29026,36.50
29027,31.83
29028,27.91
29029,24.97
29030,40.34
29031,21.15
29032,20.04
29033,39.30
29034,32.01
29035,26.08
29036,33.93
29037,29.99
29038,20.87
29039,24.60
29040,26.28
29041,26.58
29042,27.42
29043,40.66
29044,29.38
30001,29.20
30002,31.56
30003,39.70
30004,30.32
30005,22.14
30006,32.37
30007,33.67
30008,34.34
30009,29.31
30010,30.74
30011,23.11
30012,25.23
30013,32.38
30014,24.42
30015,51.30
30016,30.26
30017,30.80
30018,26.58
30019,21.19
30020,31.39
30021,34.44
30022,28.29
30023,24.09
30024,29.01
30025,27.31
30026,32.38
30027,34.58
30028,34.29
30029,21.57
30030,23.48
30031,41.18
30032,37.67
31001,20.54
31002,24.28
31003,29.39
31004,38.40
31005,34.05
31006,27.39
31007,29.38
31008,22.70
31009,17.31
31010,22.43
31011,26.50
31013,24.12
31014,25.84
31015,26.84
31016,31.63
31017,27.44
31018,22.74
31019,28.87
31020,21.14
31021,28.49
31022,20.00
31023,24.02
31024,33.22
31025,20.86
31026,32.23
31027,25.93
31028,20.42
31029,30.14
31030,21.49
31031,26.74
31032,19.59
31033,24.01
31034,22.77
31035,27.29
31036,33.88
31037,25.08
31038,21.69
31039,24.77
31040,25.87
31041,20.03
32001,27.59
32003,38.13
32004,34.03
32005,33.41
32006,27.13
32007,26.48
32008,25.70
32009,29.07
32010,29.36
32011,37.86
32012,37.58
32014,35.64
32015,30.55
32016,35.38
32017,37.41
32018,30.35
32019,29.90
32020,32.96
32021,41.11
32022,34.85
32023,32.17
32024,22.98
32025,31.95
32026,36.68
32027,29.98
32028,31.74
32029,35.00
32030,32.36
32031,31.28
32032,32.48
32033,32.39
32034,29.52
32035,25.44
32036,31.59
32037,22.99
32038,28.28
32039,34.04
32040,36.75
32041,34.31
32042,24.48
32043,34.02
33001,36.34
33002,34.42
33003,40.31
33004,38.11
33005,32.69
33006,38.08
33007,32.03
33008,58.03
33009,43.36
33010,50.00
33011,44.02
33012,37.71
33013,35.35
33014,28.18
33015,33.00
33016,37.86
33017,37.87
33018,32.54
33019,35.33
33020,40.63
33021,38.36
33022,45.22
33023,47.26
33024,60.79
33025,41.38
33026,35.03
33027,33.79
33028,36.27
34001,37.41
34002,38.96
34003,29.46
34004,21.85
34005,32.32
34006,35.61
34007,40.47
34008,28.44
34009,24.42
34010,32.81
34011,23.64
34012,36.36
34013,32.45
34014,25.80
34015,21.58
34016,27.64
34017,33.48
34018,27.84
34019,29.62
34020,40.42
34021,44.51
34022,43.87
34023,28.78
34024,27.17
34025,33.90
34026,28.18
34027,30.36
34028,22.04
34029,28.68
34030,44.97
34031,26.79
34032,27.84
34033,25.88
34034,37.01
34035,30.33
34036,40.71
34037,22.64
34038,16.20
34039,25.31
34040,30.14
34041,24.78
34042,35.86
34043,38.31
34044,37.41
34045,37.29
34046,37.87
34047,28.42
34048,41.72
34049,39.40
34050,27.39
34051,40.46
34052,42.94
34053,24.33
35001,27.47
35002,42.89
35003,21.29
35004,29.75
35005,26.13
35006,21.26
35007,28.76
35008,26.52
35010,32.98
35011,26.53
35012,15.05
35013,12.41
35014,20.29
35015,26.23
35016,13.69
35017,30.11
35018,17.98
35019,14.96
35020,23.75
35021,26.23
35022,25.26
35023,30.85
35024,28.41
35025,29.11
35026,28.55
35027,24.37
35028,29.56
35029,19.04
35030,20.32
35031,31.59
36001,22.49
36002,19.46
36003,23.99
36004,16.56
36005,17.30
36006,18.06
36007,34.46
36008,17.83
36009,13.75
36010,24.23
36011,18.44
36012,11.33
36013,17.77
36014,29.63
36015,25.00
36016,27.16
36017,29.99
36018,29.29
36019,20.83
36020,25.23
36021,16.10
36022,16.65
36023,14.91
36024,19.36
36025,15.48
36026,24.36
36027,23.44
36028,22.10
36029,26.50
36030,22.17
37001,14.64
37002,16.69
37003,18.43
37004,18.58
37005,31.42
37006,26.95
37007,21.08
37008,17.67
37010,23.31
37011,19.57
37013,18.34
37014,23.32
37015,25.33
37016,25.03
37017,23.65
37018,25.63
37019,14.30
37020,17.86
37021,20.84
37023,27.14
37024,27.07
37025,25.41
37026,31.91
37027,25.80
37028,20.26
37029,26.71
37030,21.83
37031,23.46
37032,25.89
37033,28.41
37034,25.10
37035,30.58
37036,22.41
37037,22.45
37038,29.82
37039,24.97
37040,33.07
37041,25.90
38001,27.28
38002,42.18
38003,22.32
38004,29.18
38005,26.15
38006,22.26
38007,28.31
38008,26.56
38009,32.00
38010,23.72
38011,26.96
38012,27.59
38013,29.20
38014,30.22
38016,33.83
38017,33.16
38018,31.27
38019,28.84
38020,29.87
38021,24.04
38022,32.41
38023,33.38
38024,31.50
38025,24.51
38026,27.17
38027,24.20
38028,32.12
38029,22.29
38030,25.03
38031,35.17
38032,23.61
38033,24.79
38034,31.43
38035,28.66
38036,27.58
38037,29.31
38038,29.31
38039,33.02
38040,30.87
38041,39.14
39001,47.69
39002,48.21
39003,39.37
39004,48.96
39005,36.81
39006,29.39
39007,39.57
39008,36.73
39009,32.22
39010,45.60
39011,39.13
39012,27.56
39013,27.17
39014,36.56
39015,40.19
39016,18.14
39017,46.62
39018,37.12
39019,40.50
39020,42.46
39021,37.74
39022,24.63
39023,47.84
39024,49.43
39025,22.39
39026,39.59
39027,54.95
39028,45.19
39029,18.73
39030,35.92
39031,29.70
39032,30.77
39033,33.44
39034,27.90
39035,36.07
39036,23.24
39037,54.62
39038,53.64
39039,48.81
39040,40.56
39041,49.80
39042,55.33
39043,44.75
39044,53.56
40001,34.22
40002,37.02
40003,44.50
40004,41.34
40005,46.26
40006,47.93
40007,51.51
40008,47.28
40009,33.94
40010,28.37
40011,48.74
40012,44.20
40013,47.41
40014,26.65
40015,34.93
40016,53.80
40017,47.03
40018,23.96
40019,38.17
40020,32.54
40021,50.75
40022,43.95
40023,52.50
40024,29.50
40025,52.25
40026,50.53
40027,39.17
40028,43.41
40029,47.58
40030,58.19
40031,50.37
40032,53.23
40033,58.21
40034,34.34
40035,23.32
40036,51.75
40037,32.88
40038,46.07
40039,19.01
41001,37.31
41003,40.72
41005,34.26
41006,47.98
41007,44.91
41008,46.32
41009,38.61
41010,53.97
41011,38.68
41012,34.01
41013,41.66
41014,50.00
41015,43.70
41016,40.16
41017,44.79
41018,41.78
41019,45.32
41021,40.81
41022,45.22
41023,32.77
41024,33.84
41025,12.21
41026,39.66
41027,20.74
41028,19.48
41029,14.92
41030,38.69
41031,53.86
41032,38.32
41033,38.42
41034,41.97
41035,46.67
41036,43.90
41037,40.39
41038,35.32
41039,43.00
41040,42.28
41041,42.41
41042,40.34
41043,40.22
41044,44.98
41045,34.93
41046,41.90
41047,39.73
42001,42.99
42002,23.93
42003,26.12
42004,22.25
42005,26.95
42006,52.62
42007,34.10
42008,39.16
42009,22.10
42010,24.09
42011,43.47
42012,40.94
42013,56.70
42014,21.58
42015,22.28
42016,30.19
42017,24.66
42018,17.30
42019,35.05
42020,21.97
42021,23.69
42022,26.92
42023,29.12
42024,37.32
42025,28.67
42026,24.55
42027,41.49
42028,42.63
42029,29.46
42030,53.06
42031,28.57
42032,22.65
42033,29.22
42034,37.41
42035,28.83
42036,19.88
42037,26.74
42038,30.17
42039,19.15
42040,25.87
42041,26.71
42042,23.61
43001,47.92
43002,40.43
43003,39.64
43004,26.64
43005,40.49
43006,29.84
43007,41.43
43008,38.38
43009,41.73
43010,41.94
43011,29.04
43012,37.94
43013,39.40
43014,52.45
43015,36.07
43017,37.19
43018,37.40
43019,40.04
43020,37.47
43021,29.81
43022,34.13
43023,30.96
43024,34.87
43025,48.81
43026,53.36
43027,43.00
43028,33.62
43029,39.32
43030,35.35
43031,38.76
43032,39.20
43033,43.81
43034,46.40
43035,39.78
43036,23.35
43037,26.20
43038,43.30
43039,23.23
43040,29.80
43041,37.73
43042,31.62
43043,43.58
43044,35.71
43045,49.49
43046,31.03
44001,37.56
44002,35.33
44003,60.49
44004,37.33
44005,31.07
44006,35.91
44008,31.08
44009,32.27
44010,26.40
44011,32.58
44012,40.65
44013,27.36
44014,28.12
44015,36.37
44016,32.99
44017,39.43
44018,22.37
44019,38.09
44020,23.73
44021,29.14
44022,43.62
44023,26.64
44024,48.37
44025,33.79
44026,35.88
44027,34.68
44028,27.78
44029,29.06
44030,34.12
44031,27.69
44032,33.33
44033,31.81
44034,38.65
44035,43.32
44036,31.32
44037,38.19
44038,26.40
44039,30.69
44040,33.33
44041,29.52
45001,39.55
45002,35.11
45003,39.40
45004,41.80
45005,42.66
45006,45.24
45007,36.30
45008,28.78
45009,29.80
45010,30.76
45011,26.92
45012,31.57
45013,38.67
45015,40.88
45016,37.92
45017,31.69
45018,28.63
45019,24.10
45020,26.26
45021,34.38
45023,31.28
45024,34.58
45025,37.42
45026,32.82
45027,33.64
45028,31.09
45029,28.26
45030,32.49
45031,31.83
45032,29.66
45033,34.77
45034,33.09
45035,44.14
45036,40.08
45037,32.62
45038,30.34
45039,30.08
45040,35.54
45041,35.51
45043,38.34
45044,44.13
45045,36.07
45046,31.33
45047,35.99
45048,37.48
46001,39.69
46002,38.51
46003,47.24
46004,45.57
46005,29.74
46006,35.43
46007,53.97
46008,33.87
46009,40.34
46010,29.71
46011,30.95
46012,44.07
46013,36.97
46014,27.75
46015,36.27
46016,44.11
46017,42.46
46018,41.80
46019,53.38
46020,35.69
46021,29.47
46022,35.70
46023,37.00
46024,43.59
46025,43.22
46026,35.91
46027,41.78
46028,53.59
46029,41.66
46030,37.85
46031,37.05
46032,42.08
46033,45.66
46034,31.71
46035,36.16
46036,48.70
46037,30.56
46038,27.31
46039,40.97
46040,45.08
47001,38.10
47002,54.27
47003,58.28
47004,47.17
47006,38.00
47007,38.90
47008,53.82
47009,37.62
47010,43.81
47011,36.66
47012,54.36
47013,45.25
47014,54.86
47015,41.67
47016,52.04
47017,46.02
47018,42.43
47019,45.53
47020,48.68
47021,45.81
47022,53.67
47023,49.60
47024,43.87
47025,38.15
47026,39.60
47027,43.53
47028,52.15
47029,44.24
47030,48.17
47031,43.57
47032,48.09
47033,42.36
47034,50.31
47035,49.88
47036,45.73
47037,52.82
47038,47.88
47039,47.19
47040,56.02
47041,46.02
47042,48.40
47043,47.88
47044,33.22
47045,51.01
47046,47.41
47047,46.33
47048,49.43
48001,43.52
48002,56.63
48003,33.33
48004,37.74
48005,62.86
48006,34.00
48007,42.25
48008,45.76
48009,42.27
48010,54.59
48011,53.58
48012,45.29
48013,47.69
48014,49.41
48015,29.32
48016,33.66
48017,43.62
48018,36.23
48019,51.15
48020,46.47
48021,36.06
48022,58.43
48023,47.32
48024,32.62
48025,56.94
48026,31.58
48027,21.25
48028,34.40
48030,51.77
48031,29.40
48032,36.56
48033,60.00
48034,47.55
48035,24.36
48036,58.75
48037,39.79
48038,55.95
48039,48.95
48040,49.60
48041,33.94
48042,42.00
48043,38.40
48044,46.18
48045,45.75
48046,41.47
49001,23.94
49002,34.48
49003,36.25
49004,35.22
49005,40.10
49006,34.47
49007,33.25
49008,32.63
49009,32.10
49010,35.28
49011,33.80
49012,39.35
49013,37.18
49014,34.39
49015,29.51
49016,30.09
49018,38.78
49019,27.24
49020,39.34
49021,27.87
49022,33.70
49023,34.21
49024,26.44
49025,37.78
49026,36.41
49027,29.78
49028,36.69
49029,35.93
49031,35.36
49032,31.39
49033,32.15
50001,32.51
50002,28.72
50003,35.12
50004,27.76
50005,26.64
50006,28.89
50007,44.53
50008,28.17
50009,28.43
50010,17.05
50011,27.09
50012,31.80
50013,21.33
50014,38.13
50015,46.44
50016,36.48
50017,16.90
50018,38.79
50020,28.41
50021,29.17
50022,19.52
50023,21.95
50024,24.69
50025,26.93
50026,17.57
50027,32.59
50028,23.89
50029,14.85
50030,20.68
50031,20.04
50032,22.15
50033,35.82
50034,38.30
50035,35.23
50036,30.60
50037,36.13
50038,46.21
50039,17.69
50040,24.62
