wp_code,LORI LIGHTFOOT,TONI PRECKWINKLE
01001,172,85
01002,131,72
01003,200,64
01004,202,70
01005,173,66
01006,169,61
01007,142,52
01008,176,79
01009,163,80
01010,192,51
01011,187,76
01012,234,95
01013,78,39
01014,195,56
01015,161,60
01016,192,91
01017,148,112
01018,157,107
01019,192,95
01020,121,67
01021,203,79
01022,118,45
01023,233,126
01024,137,75
01025,141,73
01026,109,60
01027,195,46
01028,67,25
01029,252,70
01030,150,95
01031,188,68
01032,195,70
01033,226,64
01034,143,67
01035,261,72
01036,209,58
01037,197,67
01038,183,55
01039,157,54
01040,213,57
01041,121,54
01042,62,25
01043,138,33
01044,145,63
02001,172,73
02002,193,44
02003,206,60
02004,145,48
02005,210,73
02006,145,47
02007,185,42
02008,184,59
02009,193,19
02010,242,60
02011,298,50
02012,249,56
02014,263,80
02015,205,64
02016,169,51
02017,274,96
02018,201,61
02019,237,49
02020,179,32
02021,219,73
02022,282,49
02023,236,38
02024,220,37
02025,214,60
02026,200,33
02027,217,33
02028,206,50
02029,205,27
02030,189,33
02031,341,65
02032,140,29
02033,402,78
02034,261,42
02035,224,28
02036,232,55
02037,234,57
02038,248,45
02039,130,62
02040,230,49
02041,180,33
02042,182,54
02043,273,63
02044,171,26
02045,232,77
02046,114,25
03001,270,127
03002,257,190
03003,203,111
03004,243,131
03005,109,63
03006,307,64
03007,184,75
03008,155,78
03009,202,122
03010,87,41
03011,194,103
03012,236,130
03013,301,81
03014,219,84
03015,179,90
03016,175,88
03017,235,97
03018,298,101
03019,276,69
03020,191,125
03021,238,110
03022,274,60
03023,155,75
03024,168,102
03025,397,95
03026,317,107
03027,289,68
03028,173,84
03029,213,98
03030,182,103
03031,243,136
03032,231,101
03033,236,66
03034,276,72
03035,89,52
03036,99,51
03037,150,99
03038,191,128
03039,315,78
03040,188,64
03041,105,70
04001,186,237
04002,294,79
04003,129,133
04004,284,183
04005,218,171
04006,283,152
04007,293,182
04008,214,187
04009,235,242
04010,244,171
04011,198,120
04012,226,140
04013,188,48
04014,212,153
04015,232,175
04016,304,100
04017,290,93
04018,227,167
04019,158,63
04020,231,78
04021,234,78
04022,191,183
04023,179,289
04024,157,166
04025,296,89
04026,189,141
04027,203,204
04028,185,123
04029,182,127
04030,234,151
04031,199,249
04032,205,150
04033,197,146
04034,158,119
04035,220,184
04036,227,170
04037,319,125
04038,213,131
05001,165,94
05002,150,64
05003,133,213
05004,217,193
05006,170,99
05007,165,177
05008,103,91
05009,175,256
05010,169,70
05011,189,213
05012,140,73
05013,168,93
05014,171,140
05015,137,160
05016,188,87
05017,159,121
05018,160,157
05019,163,189
05020,176,228
05021,167,170
05022,222,205
05023,272,293
05024,176,198
05025,203,125
05026,208,125
05027,151,170
05028,228,154
05029,212,146
05030,147,69
05031,159,74
05032,233,208
05033,217,138
05034,205,195
05035,242,186
05036,133,76
05037,215,211
05038,189,106
05039,127,144
05040,144,121
05041,122,117
06001,188,134
06002,208,92
06003,236,91
06004,149,51
06005,111,48
06006,206,112
06007,169,70
06008,189,120
06009,159,67
06010,104,44
06011,162,74
06012,100,46
06013,153,76
06014,183,78
06015,131,63
06016,205,114
06017,119,50
06018,110,57
06019,178,73
06020,113,35
06021,90,34
06022,118,37
06023,100,35
06024,91,51
06026,102,58
06027,110,43
06028,78,51
06029,214,118
06030,136,69
06031,178,120
06032,178,77
06033,201,82
06034,179,89
06035,151,93
06036,202,139
06037,204,121
06038,195,116
06039,141,80
06040,175,87
06041,194,84
06042,170,94
06043,166,63
06044,170,81
06045,179,119
06046,124,58
06047,138,42
06048,179,95
07001,150,68
07002,144,64
07003,192,88
07004,184,67
07005,121,65
07006,215,124
07007,127,72
07009,263,153
07010,218,68
07011,150,70
07012,160,66
07013,114,55
07014,160,79
07015,153,82
07016,106,45
07017,126,57
07018,112,63
07019,158,74
07020,118,40
07021,113,41
07022,127,62
07023,153,101
07024,125,68
07025,118,45
07026,129,62
07027,141,62
07028,107,62
07029,137,55
07030,107,52
07031,97,46
07032,225,137
07033,233,132
07034,194,123
07035,165,61
07036,191,105
07037,179,96
07038,131,63
07039,164,68
07040,155,70
07041,159,62
07042,138,62
07043,153,64
07044,124,56
07045,135,42
07046,88,36
08001,168,84
08002,149,77
08003,222,120
08004,218,113
08005,191,134
08006,154,101
08007,219,111
08008,210,86
08009,129,56
08010,222,144
08012,152,75
08013,193,106
08014,112,52
08015,161,65
08016,51,22
08017,147,82
08018,119,59
08019,189,114
08020,202,126
08021,204,113
08022,167,78
08023,139,66
08024,117,53
08025,171,72
08026,140,79
08027,203,110
08028,162,104
08029,222,73
08030,185,93
08031,132,67
08032,143,62
08033,188,66
08034,180,81
08035,200,92
08036,180,120
08037,142,93
08038,104,56
08039,197,84
08040,140,67
08041,192,96
08042,200,130
08043,113,34
08044,104,71
08045,132,73
08046,112,71
08047,143,51
08048,154,70
08049,182,80
08050,190,93
08051,215,103
08052,226,123
08053,97,42
08054,124,64
08055,172,73
08056,182,97
09001,176,63
09002,147,52
09003,107,19
09004,147,43
09005,184,76
09006,157,73
09007,125,59
09008,152,55
09009,180,107
09010,137,35
09011,129,43
09012,186,111
09013,224,84
09014,229,88
09015,130,47
09016,162,53
09017,128,38
09018,132,49
09019,160,59
09020,190,59
09021,144,64
09022,163,102
09023,199,114
09024,185,91
09025,184,75
09026,126,58
09027,145,55
09028,71,30
09029,127,83
09030,117,46
09031,126,51
09032,176,76
09033,111,52
09034,126,54
09035,153,89
09036,130,59
09037,247,113
09038,150,73
09039,175,75
09040,193,98
09041,132,50
09042,186,91
09043,141,48
09044,134,69
09045,115,70
09046,173,72
09047,194,111
09048,205,85
09049,191,89
09050,258,112
09051,180,78
10001,149,57
10002,199,33
10003,203,35
10004,111,31
10005,157,21
10006,115,22
10007,103,16
10008,57,20
10009,189,19
10010,186,36
10011,151,36
10012,93,23
10013,135,32
10014,187,38
10015,306,148
10016,124,34
10017,249,38
10018,67,37
10019,196,27
10020,198,39
10021,167,16
10022,81,20
10023,113,27
10024,176,26
10025,49,17
10026,85,26
10027,118,44
10028,149,41
10029,134,10
10030,121,27
10031,103,22
10032,143,28
10033,94,26
10035,212,32
10036,36,18
11001,192,69
11002,7,7
11003,127,87
11004,142,56
11005,187,108
11006,270,92
11007,147,58
11008,178,45
11009,149,52
11010,144,70
11011,195,53
11012,355,50
11013,250,75
11014,105,66
11015,103,14
11016,126,48
11017,230,77
11018,157,56
11019,211,88
11020,132,47
11021,291,92
11022,216,68
11023,128,34
11024,267,86
11025,265,73
11026,237,89
11027,53,22
11028,89,25
11029,251,67
11030,78,27
11031,233,46
11032,103,39
11033,210,55
11034,76,47
11035,58,26
11036,57,37
11037,56,30
11038,82,34
12001,160,52
12002,119,30
12003,194,91
12004,147,61
12005,155,38
12006,142,33
12007,76,56
12008,169,56
12009,123,35
12010,112,56
12011,128,30
12012,131,28
12013,144,40
12014,88,42
12015,90,17
12016,72,26
12017,123,44
12018,105,40
12019,139,47
12020,112,36
12021,135,49
12022,87,41
12023,159,51
13001,155,37
13002,164,27
13003,80,18
13004,168,31
13005,151,25
13006,190,24
13007,88,18
13008,127,24
13009,130,34
13010,185,21
13011,184,20
13012,106,46
13013,172,25
13014,120,23
13015,147,47
13016,72,18
13017,137,24
13018,133,24
13019,100,24
13020,133,13
13021,231,26
13022,190,22
13023,95,20
13024,135,18
13025,137,19
13026,136,19
13027,158,33
13028,103,17
13029,105,28
13030,77,22
13031,209,22
13032,163,26
13033,174,24
13034,128,32
13035,130,23
13036,82,10
13037,171,52
13038,173,19
13039,130,28
13040,140,20
13041,137,32
13042,180,12
13043,146,28
13044,111,29
13045,186,32
13046,138,33
13047,107,24
13048,147,19
14001,302,27
14002,184,38
14003,104,30
14004,204,21
14005,133,43
14006,51,12
14007,148,36
14008,139,37
14009,267,39
14010,80,17
14011,60,12
14012,149,25
14013,106,36
14014,81,27
14015,112,21
14016,89,38
14017,105,22
14018,59,15
14019,89,37
14020,69,14
14021,91,31
14022,188,38
14023,132,31
14024,250,39
14025,69,14
14026,87,24
14027,129,34
14028,86,24
14029,99,26
14030,60,10
14031,70,15
15001,205,56
15002,109,48
15003,118,44
15004,158,72
15005,182,63
15006,191,53
15007,122,56
15008,178,54
15009,244,61
15010,256,62
15011,185,70
15012,205,69
15013,153,40
15014,149,41
15015,136,36
15016,177,61
15017,135,52
15018,97,47
15019,136,52
15020,115,65
15021,101,57
15022,124,45
15023,125,44
15024,126,35
16001,120,52
16002,123,44
16003,106,46
16004,98,62
16005,80,33
16006,131,51
16007,112,45
16008,58,33
16009,112,61
16010,115,50
16011,105,34
16012,83,41
16013,73,36
16014,102,46
16015,129,69
16016,140,54
16018,111,73
16019,111,49
16020,70,21
16021,100,47
16023,96,33
16024,81,28
16025,142,67
16026,117,57
16027,107,39
16028,142,60
16029,93,56
16030,101,44
16032,83,34
16033,116,46
16034,100,44
16035,141,43
16036,79,44
17001,107,57
17002,160,58
17003,163,53
17004,198,90
17005,110,55
17006,123,37
17007,95,32
17008,135,41
17009,111,64
17010,211,97
17011,104,48
17013,137,68
17014,148,69
17015,148,78
17016,110,47
17017,145,52
17018,203,69
17019,79,29
17020,195,83
17021,205,117
17022,139,63
17023,94,47
17024,192,70
17025,100,38
17026,162,77
17027,144,59
17028,118,53
17029,153,58
17030,89,25
17031,82,50
17032,113,45
17034,99,55
17036,149,73
17037,131,58
17038,128,57
17039,153,82
17040,168,80
17041,181,85
18001,139,52
18002,120,33
18003,161,43
18004,212,70
18005,110,40
18006,172,36
18007,161,53
18008,193,90
18009,185,73
18010,244,110
18011,143,41
18012,171,81
18013,183,75
18014,179,100
18015,176,48
18016,159,68
18017,153,56
18018,153,77
18019,162,75
18020,138,57
18021,227,94
18022,221,106
18023,155,64
18024,149,20
18025,158,41
18026,221,96
18027,127,55
18028,189,28
18029,202,69
18030,146,41
18031,175,70
18032,174,87
18033,139,61
18034,248,97
18035,219,100
18036,174,55
18037,184,96
18038,179,74
18039,117,41
18040,178,56
18041,220,85
18042,121,39
18043,117,20
18044,170,28
18045,122,31
18046,165,31
18047,119,36
18048,141,53
18049,119,18
19001,292,16
19002,344,113
19003,249,17
19004,338,20
19005,292,81
19006,316,27
19007,272,28
19008,319,17
19009,198,29
19010,291,107
19011,288,20
19012,255,7
19013,222,152
19014,287,78
19015,362,30
19016,333,19
19017,269,18
19018,266,60
19019,344,77
19020,179,75
19021,266,18
19022,303,66
19023,329,23
19024,239,13
19025,260,56
19026,291,45
19027,249,83
19028,256,104
19029,292,18
19030,276,17
19031,267,48
19032,271,33
19033,293,13
19034,277,32
19035,248,55
19036,267,133
19037,247,89
19038,207,81
19039,66,28
19040,279,61
19041,281,15
19042,198,62
19043,267,121
19044,321,16
19045,295,32
19046,350,19
19047,351,133
19048,246,95
19049,291,119
19050,258,23
19051,349,23
19052,321,15
19053,249,33
19054,244,13
19055,252,19
19056,303,74
19057,202,61
20001,178,88
20002,75,30
20003,141,67
20004,69,37
20005,176,86
20006,75,33
20007,157,60
20008,173,85
20009,224,148
20010,111,47
20011,204,109
20012,122,43
20013,206,83
20014,93,50
20015,111,41
20016,159,122
20017,99,36
20018,112,50
20019,168,73
20020,89,25
20021,107,64
20022,205,151
20023,170,73
20024,165,119
20025,139,52
20026,113,103
20027,89,40
20028,113,46
20029,173,116
20030,77,35
20031,196,79
20032,169,56
20033,100,52
20034,172,174
20035,84,32
20036,49,18
20037,44,20
20038,58,27
20039,13,6
21001,185,105
21002,116,43
21003,190,94
21004,175,69
21005,236,80
21006,140,62
21007,199,94
21008,185,79
21009,206,102
21010,143,70
21011,162,73
21012,153,77
21013,166,81
21014,191,101
21015,158,65
21016,193,50
21017,157,62
21018,218,79
21019,184,84
21020,156,57
21021,140,61
21022,134,84
21023,155,78
21024,169,94
21025,163,77
21026,180,60
21027,175,71
21028,222,87
21029,215,85
21030,136,52
21031,144,65
21032,167,83
21033,127,60
21034,149,80
21035,236,93
21036,173,69
21037,127,64
21038,174,65
21039,144,49
21040,158,79
21041,197,88
21042,201,91
21043,169,89
21044,173,87
21045,174,60
21046,183,93
21047,163,65
21048,164,81
21049,203,88
21050,135,61
21051,154,87
21052,160,84
21053,139,84
21054,173,75
22001,85,40
22002,174,44
22003,147,42
22004,79,29
22005,112,28
22006,102,29
22007,77,23
22008,217,42
22009,80,33
22010,128,49
22011,83,30
22012,149,32
22013,104,35
22014,59,36
22015,75,19
22016,69,27
22017,121,50
22018,77,26
22019,57,23
22020,87,28
22021,161,65
22022,69,42
22023,216,78
22024,137,37
22025,110,24
23001,184,23
23002,210,26
23003,176,33
23004,209,22
23005,121,26
23006,143,38
23007,113,25
23008,160,38
23009,89,28
23010,121,37
23011,119,34
23012,201,19
23013,80,24
23014,178,25
23015,77,31
23016,202,20
23017,67,24
23018,181,20
23019,88,27
23020,51,12
23021,220,28
23022,178,33
23023,193,28
23024,78,31
23025,109,26
23026,128,24
23027,186,29
23028,181,23
23029,169,22
23030,131,31
23031,88,37
23032,86,27
23033,93,29
23034,79,36
23035,132,25
23036,197,27
23037,196,21
23038,159,34
23039,122,35
24001,116,49
24002,120,57
24003,129,49
24004,100,35
24005,65,30
24006,124,80
24007,67,37
24008,62,28
24009,109,36
24010,65,16
24011,119,69
24012,75,45
24013,57,38
24014,98,46
24015,63,34
24016,107,54
24017,114,47
24018,165,54
24019,155,73
24020,86,41
24021,66,11
24022,159,57
24023,102,50
24024,151,46
24025,101,35
24026,177,112
24027,138,65
24028,103,53
24029,111,45
24030,75,27
24031,152,55
24032,66,32
24034,131,35
24035,112,40
24036,147,64
24037,80,30
24038,111,74
24039,154,55
24040,127,49
24041,115,41
25001,185,94
25002,202,133
25003,246,34
25004,171,60
25005,272,86
25006,85,27
25007,183,116
25008,223,97
25009,186,100
25010,286,45
25011,204,97
25012,205,100
25013,215,119
25014,107,71
25015,181,76
25016,263,37
25017,249,104
25018,178,58
25019,225,113
25020,144,56
25021,304,92
25022,190,98
25023,244,123
25024,221,106
25025,214,66
25026,225,102
25027,168,49
25028,216,101
25029,190,79
25030,212,105
25031,297,41
25032,179,67
26001,119,75
26002,102,81
26003,117,75
26004,93,33
26005,109,81
26006,112,42
26007,107,68
26008,55,22
26009,98,44
26010,100,66
26011,113,63
26012,111,64
26013,64,19
26014,68,47
26015,68,20
26016,55,19
26017,132,36
26018,62,30
26019,68,19
26020,107,45
26021,122,73
26022,49,16
26023,75,27
26024,103,42
26025,101,60
26026,60,51
26027,123,89
26028,210,56
26029,65,45
26030,102,43
26031,48,32
26032,186,40
26033,123,65
26034,116,100
26035,103,77
26036,68,30
26037,102,66
26038,63,23
26039,118,64
26040,68,37
26041,96,63
26042,77,52
26043,69,35
26044,69,26
26045,57,15
26046,78,37
26047,68,25
26048,91,51
26049,57,32
27001,258,58
27002,181,51
27003,84,49
27004,83,42
27005,119,67
27006,155,57
27007,202,83
27008,110,60
27009,80,21
27010,182,124
27011,176,50
27012,114,20
27013,205,133
27014,62,29
27015,73,43
27016,152,27
27017,120,78
27018,102,70
27019,69,38
27020,105,47
27021,200,26
27022,87,27
27023,129,60
27024,90,41
27025,138,66
27026,129,68
27027,171,65
27028,110,39
27029,106,22
27030,75,46
27031,119,59
27032,124,64
27033,173,39
27034,119,58
27035,169,43
27036,109,67
27037,189,90
27039,122,77
27040,195,87
27041,148,92
27042,109,46
27043,102,49
27044,108,41
27045,248,47
27046,129,25
27047,127,69
27048,192,119
27049,91,54
27050,164,65
28001,80,41
28002,130,55
28003,94,44
28005,92,32
28006,103,32
28007,116,51
28008,137,24
28009,130,47
28010,169,56
28011,234,98
28012,108,53
28013,175,76
28014,120,48
28015,34,16
28016,81,35
28018,123,47
28019,116,31
28020,122,53
28021,114,40
28022,107,48
28023,122,71
28024,116,46
28025,180,92
28026,127,57
28027,146,63
28028,167,64
28029,47,18
28030,19,11
28031,236,83
28032,128,33
28033,126,66
28034,193,92
28035,137,49
28037,110,41
28038,55,20
28039,94,33
28040,149,66
28041,98,33
28042,131,39
28043,167,52
28044,99,34
28046,247,88
29001,243,83
29002,208,102
29003,151,67
29005,131,40
29006,137,47
29007,178,86
29008,129,33
29009,229,64
29010,254,86
29011,106,48
29012,226,76
29013,204,76
29014,162,69
29015,205,74
29016,137,46
29017,157,54
29018,153,65
29019,198,62
29020,171,88
29022,116,44
29023,201,57
29024,168,49
29025,230,74
29026,182,86
29027,158,67
29028,197,78
29029,181,45
29030,257,102
29031,150,39
29032,158,21
29033,138,62
29034,117,51
29035,128,47
29036,166,58
29037,168,65
29038,147,43
29039,173,55
29040,189,98
29041,139,45
29042,179,69
29043,248,73
29044,199,93
30001,199,62
30002,223,66
30003,165,68
30004,192,62
30005,140,28
30006,180,61
30007,221,76
30008,223,103
30009,170,59
30010,243,58
30011,162,49
30012,166,53
30013,182,71
30014,118,48
30015,231,81
30016,116,33
30017,195,73
30018,179,96
30019,166,51
30020,216,59
30021,163,63
30022,203,101
30023,165,60
30024,211,104
30025,197,122
30026,153,36
30027,142,54
30028,194,77
30029,114,21
30030,91,17
30031,170,47
30032,164,51
31001,107,24
31002,94,39
31003,131,35
31004,154,90
31005,156,48
31006,84,43
31007,139,88
31008,89,37
31009,84,33
31010,102,29
31011,96,30
31013,118,44
31014,110,44
31015,129,31
31016,131,78
31017,130,39
31018,119,17
31019,122,42
31020,97,24
31021,119,40
31022,77,43
31023,116,36
31024,139,59
31025,97,25
31026,145,49
31027,137,62
31028,91,25
31029,139,44
31030,81,40
31031,98,44
31032,94,17
31033,106,29
31034,109,37
31035,139,40
31036,157,47
31037,93,54
31038,93,31
31039,100,61
31040,121,57
31041,97,33
32001,216,70
32003,227,99
32004,227,50
32005,225,54
32006,228,39
32007,208,42
32008,229,37
32009,203,38
32010,220,49
32011,179,107
32012,130,109
32014,184,105
32015,198,54
32016,232,73
32017,211,98
32018,224,20
32019,205,42
32020,174,93
32021,287,67
32022,248,119
32023,233,52
32024,154,25
32025,224,44
32026,211,106
32027,210,48
32028,169,102
32029,251,57
32030,243,34
32031,238,39
32032,260,43
32033,245,40
32034,226,55
32035,189,43
32036,253,37
32037,173,41
32038,186,49
32039,280,39
32040,259,60
32041,252,52
32042,169,30
32043,179,70
33001,217,123
33002,272,159
33003,340,122
33004,303,150
33005,240,63
33006,242,75
33007,233,107
33008,449,133
33009,348,76
33010,320,99
33011,317,114
33012,265,94
33013,210,113
33014,98,45
33015,235,92
33016,338,132
33017,289,105
33018,264,144
33019,282,98
33020,276,140
33021,248,130
33022,267,100
33023,301,111
33024,421,161
33025,354,98
33026,145,115
33027,258,110
33028,171,137
34001,187,80
34002,145,88
34003,160,68
34004,105,43
34005,164,59
34006,186,94
34007,211,96
34008,128,62
34009,117,49
34010,161,67
34011,116,58
34012,182,89
34013,163,71
34014,138,46
34015,127,51
34016,150,52
34017,216,84
34018,132,47
34019,167,86
34020,196,108
34021,218,105
34022,188,97
34023,119,61
34024,128,66
34025,226,129
34026,170,69
34027,140,68
34028,99,37
34029,137,50
34030,173,84
34031,123,76
34032,155,56
34033,119,57
34034,175,99
34035,186,72
34036,166,88
34037,103,41
34038,75,23
34039,119,46
34040,186,59
34041,100,41
34042,158,87
34043,153,77
34044,178,81
34045,195,71
34046,121,56
34047,157,61
34048,178,102
34049,161,77
34050,123,59
34051,198,81
34052,141,72
34053,104,41
35001,133,106
35002,257,93
35003,101,79
35004,160,75
35005,131,72
35006,103,79
35007,134,101
35008,134,97
35010,191,119
35011,150,106
35012,77,39
35013,67,32
35014,112,44
35015,138,123
35016,73,24
35017,165,107
35018,95,38
35019,81,28
35020,144,61
35021,155,69
35022,170,98
35023,192,64
35024,177,54
35025,146,92
35026,159,60
35027,119,65
35028,177,62
35029,116,60
35030,137,42
35031,194,62
36001,158,30
36002,133,33
36003,120,39
36004,120,34
36005,106,34
36006,107,32
36007,248,37
36008,102,26
36009,91,23
36010,188,44
36011,94,24
36012,59,21
36013,85,28
36014,191,43
36015,174,28
36016,187,30
36017,218,37
36018,192,54
36019,172,32
36020,190,29
36021,108,30
36022,103,27
36023,105,24
36024,151,31
36025,109,29
36026,172,25
36027,153,35
36028,153,29
36029,201,33
36030,149,34
37001,74,37
37002,95,26
37003,97,29
37004,91,40
37005,186,59
37006,164,48
37007,118,26
37008,82,32
37010,144,76
37011,90,37
37013,82,44
37014,136,59
37015,146,63
37016,135,71
37017,135,31
37018,147,44
37019,88,25
37020,97,34
37021,119,42
37023,152,48
37024,163,52
37025,143,42
37026,188,78
37027,132,69
37028,92,48
37029,154,50
37030,152,32
37031,126,72
37032,133,47
37033,164,66
37034,138,59
37035,176,57
37036,130,47
37037,177,59
37038,189,48
37039,134,52
37040,188,65
37041,156,38
38001,164,41
38002,285,31
38003,175,30
38004,195,37
38005,173,38
38006,172,26
38007,207,21
38008,166,50
38009,244,34
38010,158,22
38011,146,39
38012,206,22
38013,219,37
38014,214,41
38016,237,35
38017,285,27
38018,231,26
38019,211,53
38020,226,21
38021,142,46
38022,211,34
38023,209,53
38024,224,32
38025,159,28
38026,190,38
38027,178,33
38028,266,33
38029,165,20
38030,188,38
38031,202,59
38032,165,31
38033,156,52
38034,199,60
38035,185,46
38036,163,40
38037,197,35
38038,202,29
38039,212,60
38040,198,40
38041,204,48
39001,265,52
39002,247,106
39003,248,61
39004,286,41
39005,221,60
39006,193,57
39007,210,62
39008,236,79
39009,199,68
39010,113,53
39011,232,50
39012,215,92
39013,159,59
39014,238,53
39015,301,43
39016,107,45
39017,284,65
39018,210,79
39019,250,71
39020,333,58
39021,239,37
39022,127,66
39023,309,31
39024,376,55
39025,114,54
39026,253,50
39027,51,10
39028,314,93
39029,66,28
39030,227,101
39031,170,68
39032,179,60
39033,216,101
39034,182,74
39035,209,80
39036,50,16
39037,270,68
39038,155,41
39039,182,41
39040,253,47
39041,309,64
39042,321,59
39043,288,44
39044,239,52
40001,212,74
40002,235,74
40003,297,119
40004,155,63
40005,270,106
40006,275,140
40007,283,89
40008,306,137
40009,185,76
40010,214,65
40011,297,87
40012,222,61
40013,312,188
40014,162,50
40015,216,84
40016,346,141
40017,238,96
40018,138,61
40019,265,118
40020,205,86
40021,335,97
40022,296,74
40023,338,127
40024,155,98
40025,313,128
40026,279,97
40027,284,141
40028,235,135
40029,280,92
40030,277,120
40031,293,112
40032,312,122
40033,278,123
40034,191,73
40035,114,67
40036,265,82
40037,206,83
40038,274,128
40039,58,19
41001,247,22
41003,271,45
41005,280,38
41006,332,44
41007,311,40
41008,297,33
41009,251,43
41010,351,40
41011,297,38
41012,254,46
41013,318,58
41014,332,40
41015,367,42
41016,283,22
41017,270,58
41018,260,35
41019,320,41
41021,281,39
41022,338,28
41023,247,41
41024,233,32
41025,100,19
41026,250,27
41027,147,33
41028,139,52
41029,97,31
41030,255,45
41031,326,99
41032,217,33
41033,257,35
41034,265,33
41035,391,22
41036,281,40
41037,304,43
41038,246,27
41039,292,46
41040,316,29
41041,310,31
41042,263,41
41043,288,37
41044,310,35
41045,235,33
41046,282,34
41047,292,35
42001,277,49
42002,212,33
42003,201,42
42004,365,64
42005,200,19
42006,342,78
42007,304,50
42008,251,64
42009,239,52
42010,272,52
42011,220,53
42012,255,41
42013,311,69
42014,232,36
42015,225,25
42016,235,47
42017,286,44
42018,168,28
42019,344,75
42020,222,22
42021,210,30
42022,130,10
42023,264,44
42024,295,45
42025,240,53
42026,276,65
42027,212,44
42028,330,66
42029,234,50
42030,303,50
42031,257,59
42032,234,29
42033,238,83
42034,258,44
42035,277,53
42036,292,44
42037,175,21
42038,229,35
42039,235,37
42040,254,64
42041,216,45
42042,321,60
43001,183,35
43002,284,58
43003,290,41
43004,245,40
43005,270,29
43006,169,27
43007,194,45
43008,194,46
43009,316,54
43010,371,55
43011,209,40
43012,175,41
43013,228,70
43014,382,42
43015,265,49
43017,206,41
43018,318,63
43019,307,54
43020,303,53
43021,249,44
43022,166,33
43023,164,23
43024,209,53
43025,251,53
43026,233,51
43027,288,60
43028,320,68
43029,265,58
43030,274,47
43031,286,56
43032,257,66
43033,296,62
43034,213,47
43035,303,63
43036,93,27
43037,207,53
43038,263,45
43039,170,27
43040,145,49
43041,333,69
43042,209,48
43043,282,52
43044,241,51
43045,208,34
43046,133,22
44001,386,91
44002,276,48
44003,250,47
44004,248,53
44005,238,73
44006,283,95
44008,306,85
44009,238,45
44010,217,38
44011,265,54
44012,289,62
44013,192,28
44014,188,53
44015,230,68
44016,267,56
44017,345,95
44018,185,50
44019,310,77
44020,189,43
44021,248,58
44022,319,73
44023,174,64
44024,237,55
44025,239,55
44026,290,70
44027,283,67
44028,188,54
44029,229,61
44030,272,73
44031,184,39
44032,262,83
44033,220,58
44034,301,58
44035,377,77
44036,242,54
44037,292,59
44038,219,36
44039,227,54
44040,231,58
44041,254,97
45001,166,61
45002,162,88
45003,198,53
45004,272,76
45005,262,53
45006,336,92
45007,310,74
45008,192,60
45009,200,49
45010,195,52
45011,142,29
45012,189,53
45013,200,42
45015,252,97
45016,197,62
45017,223,65
45018,198,59
45019,87,27
45020,132,34
45021,215,45
45023,207,37
45024,200,29
45025,150,29
45026,115,33
45027,213,38
45028,185,27
45029,141,30
45030,191,53
45031,161,44
45032,164,49
45033,157,35
45034,228,45
45035,281,61
45036,268,39
45037,204,54
45038,209,34
45039,209,45
45040,231,35
45041,234,32
45043,270,33
45044,279,49
45045,184,14
45046,166,31
45047,194,13
45048,208,39
46001,209,98
46002,217,81
46003,338,94
46004,246,108
46005,243,81
46006,199,91
46007,338,100
46008,143,106
46009,258,99
46010,321,78
46011,194,85
46012,265,116
46013,242,52
46014,169,125
46015,225,71
46016,286,109
46017,311,94
46018,320,91
46019,229,63
46020,214,76
46021,148,74
46022,175,109
46023,192,81
46024,313,83
46025,253,104
46026,230,106
46027,314,118
46028,293,100
46029,221,79
46030,255,78
46031,217,88
46032,268,135
46033,320,73
46034,252,90
46035,250,110
46036,282,71
46037,168,98
46038,188,80
46039,255,70
46040,249,70
47001,158,41
47002,342,101
47003,373,83
47004,344,73
47006,296,87
47007,242,65
47008,356,64
47009,246,61
47010,330,104
47011,261,50
47012,364,94
47013,237,125
47014,321,72
47015,245,164
47016,300,120
47017,300,80
47018,269,73
47019,315,149
47020,270,98
47021,248,111
47022,322,113
47023,267,160
47024,288,83
47025,297,104
47026,307,106
47027,242,81
47028,301,97
47029,308,82
47030,341,130
47031,255,101
47032,330,137
47033,272,72
47034,305,105
47035,339,81
47036,285,138
47037,297,114
47038,277,106
47039,309,92
47040,302,128
47041,305,99
47042,247,141
47043,287,74
47044,229,74
47045,287,92
47046,305,77
47047,347,85
47048,27,15
48001,239,90
48002,150,54
48003,234,94
48004,207,84
48005,180,83
48006,247,107
48007,249,67
48008,154,51
48009,171,56
48010,368,165
48011,242,94
48012,312,114
48013,336,118
48014,155,54
48015,135,45
48016,194,116
48017,232,85
48018,173,70
48019,191,73
48020,286,115
48021,274,131
48022,263,93
48023,287,118
48024,224,109
48025,250,111
48026,93,33
48027,192,99
48028,223,109
48030,227,109
48031,225,113
48032,214,103
48033,183,60
48034,215,96
48035,128,61
48036,180,65
48037,239,102
48038,317,105
48039,225,79
48040,229,81
48041,204,132
48042,265,129
48043,217,110
48044,286,143
48045,165,87
48046,155,71
49001,125,56
49002,128,62
49003,238,114
49004,217,168
49005,241,145
49006,175,87
49007,176,100
49008,174,74
49009,180,106
49010,202,106
49011,214,123
49012,252,160
49013,243,108
49014,164,97
49015,147,64
49016,164,95
49018,237,171
49019,155,83
49020,266,186
49021,109,59
49022,210,117
49023,225,152
49024,141,77
49025,265,136
49026,227,120
49027,188,111
49028,241,171
49029,201,159
49031,190,60
49032,191,100
49033,164,89
50001,165,70
50002,107,30
50003,165,63
50004,173,61
50005,121,36
50006,165,74
50007,268,61
50008,148,69
50009,146,54
50010,113,51
50011,137,22
50012,68,28
50013,153,65
50014,69,28
50015,243,89
50016,77,12
50017,110,48
50018,44,20
50020,136,89
50021,138,57
50022,110,54
50023,103,39
50024,138,42
50025,172,44
50026,111,59
50027,47,24
50028,151,78
50029,90,41
50030,93,41
50031,134,73
50032,138,76
50033,170,39
50034,256,99
50035,218,91
50036,157,74
50037,204,62
50038,89,44
50039,93,21
50040,158,50
